driverId,name,ssn,location,certified,wage-plan
10,Marvin Savage,437-87-4809,"55482 Ross Haven Apt. 612
Lake Shannon, SC 60218",Y,hours
11,Kyle Warner,299-20-2919,"52284 Adrian Port
New Jimmy, HI 88527",Y,hours
12,Deborah Marshall,438-67-1430,"146 Jessica Vista
South Parkerchester, ID 49357",N,hours
13,William Jones,099-37-3340,"680 Joseph Harbor
Port Kimberlyberg, WY 76302",Y,hours
14,Donald Cunningham,776-92-0883,"167 Cervantes Brooks Apt. 976
Clinefort, VT 38011",N,miles
15,Jennifer Smith,381-47-4672,"47248 Mackenzie Viaduct Apt. 386
Judyview, WV 36997",Y,miles
16,Morgan Brown,234-50-1562,"615 Boyd Crossroad
East Brendaborough, MA 53244",N,miles
17,Barbara Davis,758-97-1171,"37883 Phillips Ford Suite 046
South Devonport, NC 73431",N,miles
18,Anthony Monroe,210-99-3728,"USCGC Roach
FPO AE 18909",N,hours
19,Jeanette Berger,605-80-8733,"12737 Davis Spurs Suite 505
South Jenniferberg, WI 64434",Y,miles
20,Amanda Estes,230-42-5105,"119 Katherine Port Apt. 376
New Jodi, ND 21079",N,miles
21,Adam Cruz,152-32-1893,"4388 Melissa Port
Port Jill, WY 57582",Y,hours
22,John Martinez,508-02-7560,"Unit 0209 Box 7307
DPO AP 71041",Y,miles
23,Cindy Robbins,472-85-9416,"9046 Harper Groves
Scottview, MA 36635",N,miles
24,Wendy Beck,611-05-6350,"9929 Zachary Flats Suite 616
West Linda, MN 19875",N,hours
25,Kevin Greene,870-10-1828,"40939 Bryce Lodge Apt. 385
Adamstad, NC 38244",N,hours
26,Alan Carson,175-96-2754,"PSC 6881, Box 3529
APO AA 56691",Y,miles
27,Sandra Cabrera,783-06-5243,"PSC 4908, Box 6355
APO AE 43060",N,miles
28,Kevin Jennings,825-32-3637,"77891 Stephanie Track
Weberview, KS 51085",N,hours
29,Justin Lewis,116-89-7816,"949 Chang Drive
East Justinside, MS 24064",N,miles
30,Michael Silva,515-01-5923,"18385 Patrick Shore
West Brenthaven, WA 12743",N,hours
31,Brian Robinson,798-85-1796,"92037 Laura Stream Suite 326
West Walter, MA 28236",N,miles
32,Melvin Beck,817-08-7179,"1027 Amanda Tunnel Apt. 799
Serranoland, HI 30423",Y,hours
33,Bradley Ward,036-63-4251,"796 Deborah View Suite 984
Maldonadoton, CA 83059",Y,miles
34,David Hughes,866-93-5839,"26524 Powell Mountains
Lake Melissa, MA 58883",N,hours
35,Tina Shields,581-78-4453,"667 Cantrell Prairie Apt. 061
West Lauraville, MO 72520",N,miles
36,Michael Valdez,813-61-1806,"3776 Johnson Landing
South Kaylaview, NE 05037",Y,hours
37,Amanda Rocha,886-29-4774,"721 Oscar Ramp Apt. 903
Cherylbury, RI 66744",Y,miles
38,Jeremy Maldonado,651-60-9302,"5429 Sherri Route Apt. 062
Jasonberg, TN 85899",Y,hours
39,Chad Brown,330-25-4174,"USNV Clark
FPO AA 32434",Y,miles
40,Kelly Medina,243-82-2032,"557 Sherman Squares Suite 930
Brooksberg, AK 54618",Y,hours
41,Tamara Soto,608-34-2792,"8489 Andrew Stream Apt. 048
Lisamouth, MN 35116",Y,miles
42,Ana Howell,658-24-5807,"USCGC Clark
FPO AA 75236",Y,hours
43,Linda Peterson,533-13-7013,"14914 Mark Run
East Haileyburgh, AS 36766",N,hours
44,Cynthia Williams,548-47-8137,"8025 Aaron Creek
South Manuelview, NH 73113",N,miles
45,Jasmine Gordon,264-69-4973,"3266 Bruce Vista
West Loganberg, MD 79414",Y,miles
46,Bruce Berry MD,722-95-1254,"262 Wanda Cove
Lake Carlosfort, GA 48341",N,hours
47,Susan Kane,181-55-9203,"4676 Sonya Underpass
West Kevin, NJ 33982",N,miles
48,Alicia Nielsen,151-30-4606,"8983 Myers Manor
Cynthiastad, MO 74813",Y,hours
49,Brittany Mckay,018-24-5342,"6037 Felicia Lane Apt. 602
Maryside, MH 54252",N,miles
50,Grant Lowery,370-51-7459,"USNV Shaw
FPO AP 98893",Y,miles
51,Christina Hunter,177-70-8264,"39124 Kimberly Port
Lake Sarahville, MN 57412",Y,miles
52,Ian Lopez,708-21-5731,"5546 Rogers Road
Blackville, TX 10981",N,miles
53,Charlene Sanders,461-13-2900,"6295 Ward Valley Suite 207
Aguilarshire, AZ 34422",N,hours
54,Kenneth Steele,421-44-0393,"22450 Castaneda Lane Suite 381
North Teresa, GA 84019",Y,hours
55,Elizabeth Davidson,581-37-6855,"4414 Megan Mission
Phelpsport, NV 94498",N,miles
56,Melissa Romero,515-62-1751,"526 Dominguez Loop
East Christineville, UT 74369",N,miles
57,Jordan Jimenez,244-49-7899,"20500 Melanie Mountain Apt. 766
East Ryan, VA 45502",N,miles
58,Pamela Morris,218-64-4024,"Unit 0381 Box 6916
DPO AE 86204",Y,miles
59,Anthony Horton,347-65-0414,"01228 John Estate
Stephenchester, NM 53889",Y,miles
60,Micheal Torres,364-28-5755,"80732 Gonzales Forks Suite 705
Natashaside, NY 46022",Y,miles
61,Michael Francis,610-76-3059,"076 Jacqueline Circles
East Christopher, WV 44281",N,hours
62,Mary Lam,512-69-0858,"289 Cervantes Ramp Apt. 209
North Karen, IA 58213",N,miles
63,Andrew Davis,267-86-9306,"USNS White
FPO AP 45109",N,hours
64,Timothy Meyers,360-20-9691,"5550 Anthony Prairie Suite 261
East Rachel, AK 61420",N,hours
65,Rachel Jenkins,872-74-1897,"51908 Mendez Mountains
Lake Ebonyland, AS 27253",N,hours
66,Amber Barnes,522-42-5135,"0699 Jose Falls Suite 006
West Matthew, AR 21664",Y,hours
67,Mario Kelly,536-38-4399,"5378 Matthew Meadows
Welchtown, MP 06758",N,miles
68,Mitchell Boyd,787-42-4020,"9239 Higgins Mountain Suite 938
Stephaniehaven, GU 13968",Y,miles
69,Diane Henry,046-98-8533,"148 Williams Crossroad
Port Ashleyton, OK 16462",Y,miles
70,Mia Hull,118-49-1940,"1776 Brown Pass Apt. 796
East Brandontown, MA 34853",Y,miles
71,Claudia Garrett,410-50-9606,"48408 Harris Ways Apt. 217
Bartonborough, MT 91681",Y,miles
72,Crystal Hernandez DDS,840-13-4532,"7188 Evan Estate Apt. 590
Lake William, NE 81956",Y,hours
73,Jessica Figueroa,648-54-0857,"1368 Deleon Rue
North Kaylaview, NH 08037",N,hours
74,David Howard,637-63-1657,"434 Mendez Summit Suite 670
South Alisha, OK 10549",N,hours
75,Julie Foster,192-30-9087,"08237 Lisa Causeway Apt. 307
Port Nathanielport, VA 49772",N,hours
76,James Ortiz,719-69-5364,"2749 Jennifer Stravenue Suite 746
South Abigail, AZ 28083",Y,miles
77,Danielle Parker,626-44-2716,"4315 Cummings Stream
New Annamouth, WY 26455",N,hours
78,Kimberly Crawford,222-53-4352,"5544 Gibson Glens Apt. 585
North Jessicaborough, TX 24868",N,hours
79,Teresa Potter,481-76-4342,"7588 Meghan Alley
Tuckershire, AS 29716",N,hours
80,Shawn Donovan,167-03-9141,"1246 Johnson Parks Apt. 057
Doylehaven, NM 50409",Y,hours
81,Dustin King,682-55-7753,"310 Linda Manors
New Adam, MN 55178",Y,hours
82,Yolanda Newton,677-27-6263,"35836 Sloan Rest Suite 505
Katieview, MA 80232",N,miles
83,Sally Lozano,487-84-9230,"Unit 4062 Box 6047
DPO AP 98385",N,hours
84,Anthony Garner,624-41-3427,"0916 Morris Knolls Suite 968
New Diane, NV 19476",Y,hours
85,Sonya Pitts,804-33-6796,"8601 Hunter Trafficway
New Kimberly, DC 36770",Y,miles
86,James Morgan,664-26-9887,"147 Mary Trace Apt. 151
Jimmyville, TN 06815",N,miles
87,Tyler Mayer,583-92-1111,"4880 Robert Highway Suite 451
Rojasbury, SC 13306",N,hours
88,Sean Gonzales,300-45-9499,"5172 Bryant Underpass
West Jose, TN 23370",Y,miles
89,Evan Myers,237-72-6979,"319 Diane Parkways
Lake Sarahtown, MS 35350",Y,miles
90,Tamara Lawrence,216-74-6069,"786 Danielle Circle Apt. 139
New Scott, MI 89022",Y,hours
91,Justin Leon,341-91-9045,"53316 Amy Crescent Suite 083
Port Chloe, MT 69836",Y,miles
92,Laurie Dominguez,254-48-0866,"2585 Maria Mission
Port Elizabethborough, RI 76291",Y,miles
93,Jacqueline Wilson,245-62-7397,"PSC 1647, Box 5066
APO AP 11213",Y,miles
94,Kathy Woods,693-79-1613,"18740 Owens Forest
Jackieport, RI 15379",N,miles
95,Tina Jackson,835-83-9108,"24156 Gerald Points Apt. 387
North Alexandria, CO 35206",N,hours
96,Nicole Lewis,011-27-7478,"4854 Cassandra Hollow
West Stephanie, PA 93208",Y,hours
97,Jason Wagner,293-70-0084,"594 Sharon Crest Suite 378
Pattersonchester, DC 85656",Y,miles
98,David Martin,585-93-3937,"72989 Morris Inlet Suite 331
Johnsonland, LA 57569",N,miles
99,Robert Powell,084-67-1776,"7411 Holt Via Suite 848
Duncanhaven, MN 62546",N,hours
100,Michelle Townsend,516-63-2478,"96308 Brian Ridges Apt. 799
Lake Seanbury, SD 40661",N,hours
101,Brittany Lopez,258-35-5307,"93623 Alicia Hollow Apt. 103
West Daniel, HI 97800",N,hours
102,Diane Swanson,113-25-1766,"9658 Cox Prairie
Port Renee, LA 82777",Y,miles
103,Sydney Schmidt,050-49-7870,"44975 Cameron Plaza
Allisonmouth, NH 65892",Y,miles
104,Misty Huerta,895-34-9389,"069 Caleb Shores Suite 259
Markbury, NE 52303",Y,miles
105,Jack Malone,428-63-7969,"87665 Teresa Harbors
Boydland, SD 33456",Y,miles
106,Melissa Hicks,215-67-3300,"665 Jeffrey Rest Apt. 074
Port Bradley, ND 95498",Y,miles
107,Jack Lopez,437-39-3652,"0653 Arthur Underpass Suite 446
New Paulmouth, NC 23981",N,hours
108,Sarah Estrada,248-20-7649,"105 Daniel Views Apt. 591
Sarahborough, MT 40843",Y,hours
109,Robert Barajas,583-62-8624,"9722 Matthew Squares
West Wendy, DC 31027",N,hours
